Workbook

Sheet Raw Data
A1: month | B1: destination | C1: region | D1: bookings | E1: gross_revenue | F1: refunds | G1: marketing_spend | H1: customer_rating | I1: cancellations | J1: avg_trip_days
A2: 2025-01 | B2: Paris | C2: Europe | D2: 408 | E2: 379436.95 | F2: 6167.7 | G2: 93239.96 | H2: 4.55 | I2: 18 | J2: 4.6
A3: 2025-02 | B3: Paris | C3: Europe | D3: 471 | E3: 409571.92 | F3: 6725.41 | G3: 93398.5 | H3: 4.49 | I3: 18 | J3: 5
A4: 2025-03 | B4: Paris | C4: Europe | D4: 545 | E4: 497773.94 | F4: 7472.04 | G4: 97372.88 | H4: 4.67 | I4: 21 | J4: 4.6
A5: 2025-04 | B5: Paris | C5: Europe | D5: 565 | E5: 524190.42 | F5: 8471.33 | G5: 90516.28 | H5: 4.6 | I5: 23 | J5: 4.7
A6: 2025-05 | B6: Paris | C6: Europe | D6: 619 | E6: 581628.31 | F6: 8789.25 | G6: 93978.31 | H6: 4.69 | I6: 23 | J6: 5.1
A7: 2025-06 | B7: Paris | C7: Europe | D7: 469 | E7: 439125.55 | F7: 6652.69 | G7: 96187.3 | H7: 4.54 | I7: 17 | J7: 4.6
A8: 2025-07 | B8: Paris | C8: Europe | D8: 523 | E8: 478037.25 | F8: 8543.32 | G8: 101867.63 | H8: 4.53 | I8: 19 | J8: 4.9
A9: 2025-08 | B9: Paris | C9: Europe | D9: 425 | E9: 381798.52 | F9: 6867.93 | G9: 100867.03 | H9: 4.66 | I9: 18 | J9: 4.7
A10: 2025-09 | B10: Paris | C10: Europe | D10: 276 | E10: 252453.33 | F10: 4208.08 | G10: 94074.98 | H10: 4.61 | I10: 10 | J10: 4.8
A11: 2025-10 | B11: Paris | C11: Europe | D11: 330 | E11: 299923.55 | F11: 4379.6 | G11: 113092.22 | H11: 4.5 | I11: 12 | J11: 5.1
A12: 2025-11 | B12: Paris | C12: Europe | D12: 245 | E12: 237226.88 | F12: 4200.91 | G12: 98233.41 | H12: 4.65 | I12: 10 | J12: 4.6
A13: 2025-12 | B13: Paris | C13: Europe | D13: 300 | E13: 275851.35 | F13: 4870.04 | G13: 106044.58 | H13: 4.67 | I13: 12 | J13: 5
... A145: 2025-12 | B145: Queenstown | C145: Oceania | D145: 1209 | E145: 1582442.7 | F145: 59840.85 | G145: 270212.56 | H145: 4.57 | I145: 98 | J145: 4.3

Sheet Destination Summary
A1: Destination | B1: Region | C1: Bookings | D1: Gross Revenue | E1: Refunds | F1: Marketing Spend | G1: Rating | H1: Cancellations | I1: Avg Trip Days | J1: Cancel % | K1: Rev / Booking
A2: Paris | B2: =INDEX('Raw Data'!C:C,MATCH(A2,'Raw Data'!B:B,0)) | C2: =SUMIF('Raw Data'!B:B,A2,'Raw Data'!D:D) | D2: =SUMIF('Raw Data'!B:B,A2,'Raw Data'!E:E) | E2: =SUMIF('Raw Data'!B:B,A2,'Raw Data'!F:F) | F2: =SUMIF('Raw Data'!B:B,A2,'Raw Data'!G:G) | G2: =ROUND(AVERAGEIF('Raw Data'!B:B,A2,'Raw Data'!H:H),2) | H2: =SUMIF('Raw Data'!B:B,A2,'Raw Data'!I:I) | I2: =ROUND(AVERAGEIF('Raw Data'!B:B,A2,'Raw Data'!J:J),1) | J2: =ROUND(E2/C2*100,1) | K2: =ROUND(D2/C2,0)
A3: Tokyo | B3: =INDEX('Raw Data'!C:C,MATCH(A3,'Raw Data'!B:B,0)) | C3: =SUMIF('Raw Data'!B:B,A3,'Raw Data'!D:D) | D3: =SUMIF('Raw Data'!B:B,A3,'Raw Data'!E:E) | E3: =SUMIF('Raw Data'!B:B,A3,'Raw Data'!F:F) | F3: =SUMIF('Raw Data'!B:B,A3,'Raw Data'!G:G) | G3: =ROUND(AVERAGEIF('Raw Data'!B:B,A3,'Raw Data'!H:H),2) | H3: =SUMIF('Raw Data'!B:B,A3,'Raw Data'!I:I) | I3: =ROUND(AVERAGEIF('Raw Data'!B:B,A3,'Raw Data'!J:J),1) | J3: =ROUND(E3/C3*100,1) | K3: =ROUND(D3/C3,0)
A4: Sydney | B4: =INDEX('Raw Data'!C:C,MATCH(A4,'Raw Data'!B:B,0)) | C4: =SUMIF('Raw Data'!B:B,A4,'Raw Data'!D:D) | D4: =SUMIF('Raw Data'!B:B,A4,'Raw Data'!E:E) | E4: =SUMIF('Raw Data'!B:B,A4,'Raw Data'!F:F) | F4: =SUMIF('Raw Data'!B:B,A4,'Raw Data'!G:G) | G4: =ROUND(AVERAGEIF('Raw Data'!B:B,A4,'Raw Data'!H:H),2) | H4: =SUMIF('Raw Data'!B:B,A4,'Raw Data'!I:I) | I4: =ROUND(AVERAGEIF('Raw Data'!B:B,A4,'Raw Data'!J:J),1) | J4: =ROUND(E4/C4*100,1) | K4: =ROUND(D4/C4,0)
A5: New York | B5: =INDEX('Raw Data'!C:C,MATCH(A5,'Raw Data'!B:B,0)) | C5: =SUMIF('Raw Data'!B:B,A5,'Raw Data'!D:D) | D5: =SUMIF('Raw Data'!B:B,A5,'Raw Data'!E:E) | E5: =SUMIF('Raw Data'!B:B,A5,'Raw Data'!F:F) | F5: =SUMIF('Raw Data'!B:B,A5,'Raw Data'!G:G) | G5: =ROUND(AVERAGEIF('Raw Data'!B:B,A5,'Raw Data'!H:H),2) | H5: =SUMIF('Raw Data'!B:B,A5,'Raw Data'!I:I) | I5: =ROUND(AVERAGEIF('Raw Data'!B:B,A5,'Raw Data'!J:J),1) | J5: =ROUND(E5/C5*100,1) | K5: =ROUND(D5/C5,0)
A6: Cape Town | B6: =INDEX('Raw Data'!C:C,MATCH(A6,'Raw Data'!B:B,0)) | C6: =SUMIF('Raw Data'!B:B,A6,'Raw Data'!D:D) | D6: =SUMIF('Raw Data'!B:B,A6,'Raw Data'!E:E) | E6: =SUMIF('Raw Data'!B:B,A6,'Raw Data'!F:F) | F6: =SUMIF('Raw Data'!B:B,A6,'Raw Data'!G:G) | G6: =ROUND(AVERAGEIF('Raw Data'!B:B,A6,'Raw Data'!H:H),2) | H6: =SUMIF('Raw Data'!B:B,A6,'Raw Data'!I:I) | I6: =ROUND(AVERAGEIF('Raw Data'!B:B,A6,'Raw Data'!J:J),1) | J6: =ROUND(E6/C6*100,1) | K6: =ROUND(D6/C6,0)
A7: Rio de Janeiro | B7: =INDEX('Raw Data'!C:C,MATCH(A7,'Raw Data'!B:B,0)) | C7: =SUMIF('Raw Data'!B:B,A7,'Raw Data'!D:D) | D7: =SUMIF('Raw Data'!B:B,A7,'Raw Data'!E:E) | E7: =SUMIF('Raw Data'!B:B,A7,'Raw Data'!F:F) | F7: =SUMIF('Raw Data'!B:B,A7,'Raw Data'!G:G) | G7: =ROUND(AVERAGEIF('Raw Data'!B:B,A7,'Raw Data'!H:H),2) | H7: =SUMIF('Raw Data'!B:B,A7,'Raw Data'!I:I) | I7: =ROUND(AVERAGEIF('Raw Data'!B:B,A7,'Raw Data'!J:J),1) | J7: =ROUND(E7/C7*100,1) | K7: =ROUND(D7/C7,0)
A8: Dubai | B8: =INDEX('Raw Data'!C:C,MATCH(A8,'Raw Data'!B:B,0)) | C8: =SUMIF('Raw Data'!B:B,A8,'Raw Data'!D:D) | D8: =SUMIF('Raw Data'!B:B,A8,'Raw Data'!E:E) | E8: =SUMIF('Raw Data'!B:B,A8,'Raw Data'!F:F) | F8: =SUMIF('Raw Data'!B:B,A8,'Raw Data'!G:G) | G8: =ROUND(AVERAGEIF('Raw Data'!B:B,A8,'Raw Data'!H:H),2) | H8: =SUMIF('Raw Data'!B:B,A8,'Raw Data'!I:I) | I8: =ROUND(AVERAGEIF('Raw Data'!B:B,A8,'Raw Data'!J:J),1) | J8: =ROUND(E8/C8*100,1) | K8: =ROUND(D8/C8,0)
A9: Barcelona | B9: =INDEX('Raw Data'!C:C,MATCH(A9,'Raw Data'!B:B,0)) | C9: =SUMIF('Raw Data'!B:B,A9,'Raw Data'!D:D) | D9: =SUMIF('Raw Data'!B:B,A9,'Raw Data'!E:E) | E9: =SUMIF('Raw Data'!B:B,A9,'Raw Data'!F:F) | F9: =SUMIF('Raw Data'!B:B,A9,'Raw Data'!G:G) | G9: =ROUND(AVERAGEIF('Raw Data'!B:B,A9,'Raw Data'!H:H),2) | H9: =SUMIF('Raw Data'!B:B,A9,'Raw Data'!I:I) | I9: =ROUND(AVERAGEIF('Raw Data'!B:B,A9,'Raw Data'!J:J),1) | J9: =ROUND(E9/C9*100,1) | K9: =ROUND(D9/C9,0)
A10: Singapore | B10: =INDEX('Raw Data'!C:C,MATCH(A10,'Raw Data'!B:B,0)) | C10: =SUMIF('Raw Data'!B:B,A10,'Raw Data'!D:D) | D10: =SUMIF('Raw Data'!B:B,A10,'Raw Data'!E:E) | E10: =SUMIF('Raw Data'!B:B,A10,'Raw Data'!F:F) | F10: =SUMIF('Raw Data'!B:B,A10,'Raw Data'!G:G) | G10: =ROUND(AVERAGEIF('Raw Data'!B:B,A10,'Raw Data'!H:H),2) | H10: =SUMIF('Raw Data'!B:B,A10,'Raw Data'!I:I) | I10: =ROUND(AVERAGEIF('Raw Data'!B:B,A10,'Raw Data'!J:J),1) | J10: =ROUND(E10/C10*100,1) | K10: =ROUND(D10/C10,0)
A11: Vancouver | B11: =INDEX('Raw Data'!C:C,MATCH(A11,'Raw Data'!B:B,0)) | C11: =SUMIF('Raw Data'!B:B,A11,'Raw Data'!D:D) | D11: =SUMIF('Raw Data'!B:B,A11,'Raw Data'!E:E) | E11: =SUMIF('Raw Data'!B:B,A11,'Raw Data'!F:F) | F11: =SUMIF('Raw Data'!B:B,A11,'Raw Data'!G:G) | G11: =ROUND(AVERAGEIF('Raw Data'!B:B,A11,'Raw Data'!H:H),2) | H11: =SUMIF('Raw Data'!B:B,A11,'Raw Data'!I:I) | I11: =ROUND(AVERAGEIF('Raw Data'!B:B,A11,'Raw Data'!J:J),1) | J11: =ROUND(E11/C11*100,1) | K11: =ROUND(D11/C11,0)
A12: Marrakech | B12: =INDEX('Raw Data'!C:C,MATCH(A12,'Raw Data'!B:B,0)) | C12: =SUMIF('Raw Data'!B:B,A12,'Raw Data'!D:D) | D12: =SUMIF('Raw Data'!B:B,A12,'Raw Data'!E:E) | E12: =SUMIF('Raw Data'!B:B,A12,'Raw Data'!F:F) | F12: =SUMIF('Raw Data'!B:B,A12,'Raw Data'!G:G) | G12: =ROUND(AVERAGEIF('Raw Data'!B:B,A12,'Raw Data'!H:H),2) | H12: =SUMIF('Raw Data'!B:B,A12,'Raw Data'!I:I) | I12: =ROUND(AVERAGEIF('Raw Data'!B:B,A12,'Raw Data'!J:J),1) | J12: =ROUND(E12/C12*100,1) | K12: =ROUND(D12/C12,0)
A13: Queenstown | B13: =INDEX('Raw Data'!C:C,MATCH(A13,'Raw Data'!B:B,0)) | C13: =SUMIF('Raw Data'!B:B,A13,'Raw Data'!D:D) | D13: =SUMIF('Raw Data'!B:B,A13,'Raw Data'!E:E) | E13: =SUMIF('Raw Data'!B:B,A13,'Raw Data'!F:F) | F13: =SUMIF('Raw Data'!B:B,A13,'Raw Data'!G:G) | G13: =ROUND(AVERAGEIF('Raw Data'!B:B,A13,'Raw Data'!H:H),2) | H13: =SUMIF('Raw Data'!B:B,A13,'Raw Data'!I:I) | I13: =ROUND(AVERAGEIF('Raw Data'!B:B,A13,'Raw Data'!J:J),1) | J13: =ROUND(E13/C13*100,1) | K13: =ROUND(D13/C13,0)

Sheet Monthly Summary
A1: Month | B1: Bookings | C1: Revenue | D1: Refunds | E1: Marketing Spend | F1: Cancellations
A2: 2025-01 | B2: =SUMIF('Raw Data'!A:A,A2,'Raw Data'!D:D) | C2: =SUMIF('Raw Data'!A:A,A2,'Raw Data'!E:E) | D2: =SUMIF('Raw Data'!A:A,A2,'Raw Data'!F:F) | E2: =SUMIF('Raw Data'!A:A,A2,'Raw Data'!G:G) | F2: =SUMIF('Raw Data'!A:A,A2,'Raw Data'!I:I)
A3: 2025-02 | B3: =SUMIF('Raw Data'!A:A,A3,'Raw Data'!D:D) | C3: =SUMIF('Raw Data'!A:A,A3,'Raw Data'!E:E) | D3: =SUMIF('Raw Data'!A:A,A3,'Raw Data'!F:F) | E3: =SUMIF('Raw Data'!A:A,A3,'Raw Data'!G:G) | F3: =SUMIF('Raw Data'!A:A,A3,'Raw Data'!I:I)
A4: 2025-03 | B4: =SUMIF('Raw Data'!A:A,A4,'Raw Data'!D:D) | C4: =SUMIF('Raw Data'!A:A,A4,'Raw Data'!E:E) | D4: =SUMIF('Raw Data'!A:A,A4,'Raw Data'!F:F) | E4: =SUMIF('Raw Data'!A:A,A4,'Raw Data'!G:G) | F4: =SUMIF('Raw Data'!A:A,A4,'Raw Data'!I:I)
A5: 2025-04 | B5: =SUMIF('Raw Data'!A:A,A5,'Raw Data'!D:D) | C5: =SUMIF('Raw Data'!A:A,A5,'Raw Data'!E:E) | D5: =SUMIF('Raw Data'!A:A,A5,'Raw Data'!F:F) | E5: =SUMIF('Raw Data'!A:A,A5,'Raw Data'!G:G) | F5: =SUMIF('Raw Data'!A:A,A5,'Raw Data'!I:I)
A6: 2025-05 | B6: =SUMIF('Raw Data'!A:A,A6,'Raw Data'!D:D) | C6: =SUMIF('Raw Data'!A:A,A6,'Raw Data'!E:E) | D6: =SUMIF('Raw Data'!A:A,A6,'Raw Data'!F:F) | E6: =SUMIF('Raw Data'!A:A,A6,'Raw Data'!G:G) | F6: =SUMIF('Raw Data'!A:A,A6,'Raw Data'!I:I)
A7: 2025-06 | B7: =SUMIF('Raw Data'!A:A,A7,'Raw Data'!D:D) | C7: =SUMIF('Raw Data'!A:A,A7,'Raw Data'!E:E) | D7: =SUMIF('Raw Data'!A:A,A7,'Raw Data'!F:F) | E7: =SUMIF('Raw Data'!A:A,A7,'Raw Data'!G:G) | F7: =SUMIF('Raw Data'!A:A,A7,'Raw Data'!I:I)
A8: 2025-07 | B8: =SUMIF('Raw Data'!A:A,A8,'Raw Data'!D:D) | C8: =SUMIF('Raw Data'!A:A,A8,'Raw Data'!E:E) | D8: =SUMIF('Raw Data'!A:A,A8,'Raw Data'!F:F) | E8: =SUMIF('Raw Data'!A:A,A8,'Raw Data'!G:G) | F8: =SUMIF('Raw Data'!A:A,A8,'Raw Data'!I:I)
A9: 2025-08 | B9: =SUMIF('Raw Data'!A:A,A9,'Raw Data'!D:D) | C9: =SUMIF('Raw Data'!A:A,A9,'Raw Data'!E:E) | D9: =SUMIF('Raw Data'!A:A,A9,'Raw Data'!F:F) | E9: =SUMIF('Raw Data'!A:A,A9,'Raw Data'!G:G) | F9: =SUMIF('Raw Data'!A:A,A9,'Raw Data'!I:I)
A10: 2025-09 | B10: =SUMIF('Raw Data'!A:A,A10,'Raw Data'!D:D) | C10: =SUMIF('Raw Data'!A:A,A10,'Raw Data'!E:E) | D10: =SUMIF('Raw Data'!A:A,A10,'Raw Data'!F:F) | E10: =SUMIF('Raw Data'!A:A,A10,'Raw Data'!G:G) | F10: =SUMIF('Raw Data'!A:A,A10,'Raw Data'!I:I)
A11: 2025-10 | B11: =SUMIF('Raw Data'!A:A,A11,'Raw Data'!D:D) | C11: =SUMIF('Raw Data'!A:A,A11,'Raw Data'!E:E) | D11: =SUMIF('Raw Data'!A:A,A11,'Raw Data'!F:F) | E11: =SUMIF('Raw Data'!A:A,A11,'Raw Data'!G:G) | F11: =SUMIF('Raw Data'!A:A,A11,'Raw Data'!I:I)
A12: 2025-11 | B12: =SUMIF('Raw Data'!A:A,A12,'Raw Data'!D:D) | C12: =SUMIF('Raw Data'!A:A,A12,'Raw Data'!E:E) | D12: =SUMIF('Raw Data'!A:A,A12,'Raw Data'!F:F) | E12: =SUMIF('Raw Data'!A:A,A12,'Raw Data'!G:G) | F12: =SUMIF('Raw Data'!A:A,A12,'Raw Data'!I:I)
A13: 2025-12 | B13: =SUMIF('Raw Data'!A:A,A13,'Raw Data'!D:D) | C13: =SUMIF('Raw Data'!A:A,A13,'Raw Data'!E:E) | D13: =SUMIF('Raw Data'!A:A,A13,'Raw Data'!F:F) | E13: =SUMIF('Raw Data'!A:A,A13,'Raw Data'!G:G) | F13: =SUMIF('Raw Data'!A:A,A13,'Raw Data'!I:I)

Sheet Key Metrics
A1: Metric | B1: Value | C1: Notes
A2: Total Bookings | B2: =SUM('Raw Data'!D:D) | C2: Annual demand
A3: Gross Revenue | B3: =SUM('Raw Data'!E:E) | C3: Total revenue before refunds
A4: Total Refunds | B4: =SUM('Raw Data'!F:F)
A5: Refund % of Revenue | B5: =ROUND(C3/C4*100,2)
A6: Marketing Spend | B6: =SUM('Raw Data'!G:G)
A7: Marketing % of Revenue | B7: =ROUND(C5/C4*100,2)
A8: Total Cancellations | B8: =SUM('Raw Data'!I:I)
A9: Cancel % of Bookings | B9: =ROUND(C7/C2*100,2)
A10: Avg Customer Rating | B10: =ROUND(AVERAGE('Raw Data'!H:H),2)
A11: Avg Trip Days | B11: =ROUND(AVERAGE('Raw Data'!J:J),1)
A12: Revenue per Booking | B12: =ROUND(C4/C2,0) | C12: Yield proxy
A13: Best Month (Revenue) | C13: Apr 2025 / $18.0M
A14: Best Yield Destination | C14: Vancouver / $1,878 per booking
